Number of Sift features,8-point OpenCV,Alternative 3-point,8-point enhanced,Known rot and trans,Essential 5-point,5-point enhanced
100,0.478588,4.17588,1.56409,83.3625,1.06309,1.2552
500,0.543697,2.53704,0.609189,80.2756,2.29601,2.8522
1000,0.781287,4.1083,0.868093,77.1673,1.85768,1.2523
5000,0.439413,3.28094,0.924199,77.9677,1.95736,2.0468
